employee_id,query_id,query_starttime,execution_time
1,98963,01-04-2023 06:57,2884
1,231162,10-07-2023 18:10,1429
1,955374,03/21/2023 16:27:48,1685
1,373810,02/15/2023 21:29:47,3524
1,501200,06/29/2023 21:14:09,3290
2,357456,02/28/2023 03:15:02,2362
2,611718,02/20/2023 07:43:00,2100
2,444627,03-01-2023 03:33,2296
2,708948,06/22/2023 19:19:50,1886
4,901146,11/22/2023 06:47:15,3351
4,764604,02/21/2023 17:40:38,1041
4,311053,03/19/2023 14:58:59,2520
4,438124,11-07-2023 01:13,1677
5,575861,02/19/2023 17:56:34,1801
5,659745,05/25/2023 17:08:52,3556
5,654519,10-06-2023 01:59,429
5,220857,04/13/2023 21:31:26,2157
5,647903,09-09-2023 11:31,442
6,203735,02-12-2023 09:00,1652
7,621931,04/28/2023 18:07:36,600
7,702896,03-04-2023 08:17,3138
7,330285,10-06-2023 08:36,3464
7,180072,07-10-2023 05:25,286
7,4154,12/20/2023 13:22:43,839
7,680442,02/21/2023 18:12:08,3084
7,732732,11/15/2023 21:18:13,1622
7,358461,05-01-2023 13:40,2849
8,234193,04/19/2023 19:54:47,2708
8,846587,05/23/2023 14:09:19,248
8,267190,05/24/2023 10:42:58,1210
8,902239,05/27/2023 03:52:53,2073
9,833827,11/19/2023 09:50:16,3205
9,546974,08-08-2023 06:48,647
9,254774,03-09-2023 11:59,1343
10,713644,08/24/2023 17:15:36,3282
10,216124,11/29/2023 03:39:30,3414
10,62323,03/28/2023 21:51:38,60
10,853176,06/18/2023 09:27:04,1737
11,387798,05-08-2023 11:53,556
11,170808,07-10-2023 06:47,1126
11,675707,08-06-2023 19:23,1565
11,734567,05/21/2023 02:54:21,972
11,371528,10/26/2023 13:37:37,2199
12,119343,01-02-2023 04:43,300
12,935695,12/13/2023 17:48:48,216
12,122045,12-01-2023 23:36,39
12,128637,08/21/2023 03:26:08,117
12,930436,02-09-2023 13:17,2830
12,8662,08-03-2023 20:57,617
12,374418,10/28/2023 11:55:37,2334
13,11206,05-09-2023 01:29,3528
13,917989,06-05-2023 22:44,2536
13,375257,06/26/2023 12:24:27,2495
13,177435,06/19/2023 12:44:59,2530
14,174401,05-04-2023 20:23,795
14,952421,11/28/2023 20:41:15,2991
14,795878,01/25/2023 15:21:50,838
14,239356,08-10-2023 21:23,2081
14,221414,06/16/2023 05:26:03,2360
15,841037,03/30/2023 21:37:07,2615
15,599984,01/21/2023 06:02:56,871
15,509985,01-05-2023 15:18,1134
15,481270,04-11-2023 20:13,599
16,876062,03/27/2023 04:21:50,2236
16,216756,04/13/2023 03:28:32,303
16,701960,10-02-2023 14:36,1733
17,583454,10-08-2023 12:35,509
17,830170,06/23/2023 20:29:55,3320
17,282368,07-06-2023 10:30,2275
18,372801,09/20/2023 02:39:41,2268
18,482889,08/18/2023 11:15:10,1928
18,319473,01/28/2023 23:54:48,292
18,988397,11-07-2023 13:43,679
18,749258,04/19/2023 05:22:12,2225
19,725835,01-07-2023 10:59,1491
19,922595,03/25/2023 00:19:59,2668
19,874024,10/18/2023 14:42:09,151
19,11722,06/21/2023 08:09:13,1784
19,79713,04/24/2023 21:48:49,575
19,292118,01/27/2023 00:04:11,2492
19,908458,12-02-2023 12:52,1807
19,718969,02/16/2023 14:05:16,162
19,798374,10-01-2023 01:35,2625
21,655806,05-12-2023 13:24,520
21,777120,09-10-2023 19:52,1695
21,56615,04/23/2023 22:29:42,880
21,722507,08/15/2023 06:48:34,1487
21,324057,05-02-2023 04:23,3328
21,510037,07-03-2023 19:41,392
22,849266,09/14/2023 05:57:06,1579
22,165701,05/13/2023 00:24:17,2382
22,990337,05/16/2023 04:55:05,474
22,249157,08/28/2023 10:34:58,542
23,210330,02/27/2023 11:15:58,500
23,469336,11-06-2023 10:26,3252
23,269704,06/27/2023 04:11:13,2959
24,879031,08-12-2023 07:12,1449
24,619729,10/24/2023 23:32:32,354
25,172665,09/23/2023 00:03:42,1805
25,138272,09/20/2023 19:13:43,3079
25,381710,09/13/2023 01:40:17,3431
25,549396,08-02-2023 19:39,2094
25,451567,08-08-2023 20:06,2171
25,954341,12-05-2023 17:17,2312
25,320120,04-06-2023 22:36,573
26,514162,01-03-2023 19:53,3369
26,743519,03/28/2023 20:50:15,1128
26,313206,02-06-2023 05:03,3411
26,755810,04/26/2023 11:22:39,1975
26,596915,05/21/2023 21:13:07,505
26,688375,02/16/2023 22:07:56,759
27,790956,08/26/2023 19:39:43,3327
27,524425,02-12-2023 06:05,2657
27,953635,08-01-2023 21:09,2738
28,730308,05/15/2023 14:39:40,1478
28,17097,08/23/2023 07:51:05,2625
28,276862,04/24/2023 00:03:59,135
28,83996,02-09-2023 04:27,790
28,874654,09/30/2023 00:38:36,145
29,494245,01-07-2023 05:24,1281
29,71813,02/14/2023 20:20:38,2261
29,595767,04/30/2023 21:27:49,1055
29,62560,10-01-2023 22:44,2636
29,129309,11-01-2023 01:11,187
30,957572,11/24/2023 08:23:13,1698
30,928687,08/29/2023 19:09:42,1247
30,159591,08/24/2023 18:54:26,2909
30,397929,05/23/2023 04:00:18,982
30,534140,12-08-2023 03:47,2974
30,813755,09/30/2023 02:21:21,2574
30,289705,09/28/2023 09:51:15,2810
31,565153,10-07-2023 11:21,2197
31,379458,02/21/2023 07:29:01,396
31,294852,12-04-2023 11:39,2975
31,498006,06-10-2023 10:06,583
31,621441,06-02-2023 02:34,1735
33,156063,10/16/2023 00:55:22,179
33,285261,07-11-2023 15:05,344
33,233895,12-04-2023 12:47,3175
33,88121,07/18/2023 20:31:30,1503
33,507779,05-02-2023 14:14,2987
33,958874,10/14/2023 21:07:35,1746
34,495156,01/23/2023 20:39:41,2685
34,830403,09/27/2023 16:50:34,3159
34,161444,05-11-2023 01:12,883
34,253768,05-05-2023 23:11,3057
34,963012,06/16/2023 21:57:34,2952
35,421055,04/24/2023 14:20:38,2880
35,321246,09-04-2023 06:04,3110
35,748288,02/24/2023 11:37:19,3542
35,441065,11/13/2023 06:47:50,1359
36,335724,10-12-2023 10:30,932
36,384486,06/20/2023 21:02:10,3296
36,781638,04-03-2023 22:12,1503
36,611009,07-07-2023 09:27,3574
36,170261,10-05-2023 01:29,3537
36,575123,08/25/2023 05:58:38,2874
37,260494,12/26/2023 11:59:47,2055
37,768594,03/27/2023 06:28:31,541
37,391465,05/16/2023 15:34:30,131
37,133469,09/19/2023 09:17:43,2794
37,535571,05/28/2023 11:08:54,2120
38,991463,10-11-2023 08:00,365
38,775752,11-03-2023 07:05,2877
38,150799,09-03-2023 06:59,1028
38,396611,01-03-2023 23:35,3058
38,243694,03-06-2023 12:17,2895
39,549426,06/27/2023 23:19:50,2635
39,346580,10/22/2023 09:16:37,544
40,456618,12-04-2023 17:12,2241
40,498849,11/24/2023 01:15:41,65
40,414743,06-02-2023 15:17,2811
40,151074,10/30/2023 22:37:41,1798
40,38694,08-10-2023 18:04,1807
40,163829,12/20/2023 12:49:37,1326
41,798270,11/19/2023 12:31:19,555
42,546529,05/27/2023 16:57:33,1018
42,154788,04/29/2023 21:59:14,366
42,512860,04/28/2023 00:14:41,2902
42,325099,01-01-2023 17:23,3473
42,719962,05/25/2023 02:54:17,2974
43,593738,01/21/2023 09:54:14,471
43,693873,01/13/2023 01:22:39,3149
44,112274,04/15/2023 23:35:42,1652
44,525641,01-10-2023 04:56,360
44,87827,09-05-2023 02:24,1642
45,224964,09/13/2023 04:18:33,2984
45,587598,06-08-2023 18:07,1144
45,943075,05/13/2023 18:02:02,3579
45,73539,08/18/2023 06:36:43,926
46,892997,01/24/2023 08:48:58,1060
46,239415,06/23/2023 16:40:35,2769
46,263240,07-07-2023 01:46,2039
47,667763,08/15/2023 19:08:34,2910
47,949105,07/31/2023 16:34:44,3425
47,744631,10/13/2023 03:09:39,990
48,76577,11/14/2023 07:58:44,2060
48,409818,08/22/2023 14:40:20,204
48,935904,08-09-2023 20:23,1401
48,618505,05/17/2023 01:32:45,2312
49,951867,09-12-2023 16:31,937
49,999029,12/15/2023 06:50:59,3236
49,334896,06-03-2023 01:37,1078
49,683052,11/13/2023 15:57:00,2336
49,739441,08/19/2023 18:56:42,2986
49,560704,10/20/2023 08:18:26,3222
49,847290,01/15/2023 14:55:16,2654
49,953563,12/22/2023 16:22:07,395
49,354829,02/24/2023 05:49:12,895
49,166866,04/15/2023 03:39:23,3229
50,179782,01-05-2023 09:55,699
50,854208,10/31/2023 06:07:13,602
50,785680,04/21/2023 01:18:00,863
50,949170,07-03-2023 10:42,3340
50,152490,01-01-2023 03:53,836
50,372120,05/31/2023 20:16:09,981
50,633080,01/27/2023 12:12:34,2182
52,163327,01/27/2023 15:13:20,2946
52,533090,10/19/2023 10:59:37,1612
52,960806,01/21/2023 22:54:11,2386
52,442484,03/17/2023 08:32:25,1123
52,382785,04/24/2023 03:47:10,100
52,373033,03/26/2023 17:09:25,1258
52,635105,07/16/2023 23:49:20,64
52,482658,02/21/2023 19:39:59,433
52,154064,05-10-2023 08:11,1960
52,431204,07-08-2023 11:52,2298
53,305552,11/18/2023 16:46:59,2648
53,666435,06/15/2023 08:33:59,640
54,108984,02-10-2023 20:02,1538
54,279068,05-04-2023 16:53,983
54,813857,10/26/2023 19:03:42,968
54,549905,09/29/2023 08:17:21,1037
55,467501,04/15/2023 03:30:57,1120
55,990147,08-10-2023 12:13,3031
55,88146,04-09-2023 22:23,3182
55,838870,03-12-2023 03:25,2899
55,301335,04-11-2023 13:43,1371
55,44905,01-07-2023 13:29,2392
55,982232,11/27/2023 08:06:15,2062
55,948407,12/29/2023 14:38:15,2938
56,465937,04/29/2023 06:00:33,2800
57,577002,12/21/2023 05:12:23,57
57,776561,06/22/2023 06:40:42,299
57,812458,05/19/2023 14:18:20,1276
58,492387,03/23/2023 17:05:18,3060
58,37023,11/24/2023 21:28:04,766
58,513466,09/13/2023 08:01:14,963
58,675558,11/14/2023 09:16:08,969
58,649210,10/16/2023 22:00:25,21
59,852016,03-11-2023 23:28,352
59,201837,05/20/2023 10:33:09,1729
59,114515,07-05-2023 21:18,2834
60,640352,12/28/2023 08:29:31,806
60,505105,07/27/2023 07:14:41,3426
60,326486,07-05-2023 23:17,1584
60,36703,06/17/2023 09:08:35,2463
60,530026,12-09-2023 07:48,264
62,332301,10-05-2023 15:16,1182
62,368745,06/15/2023 21:06:55,1821
62,114171,11/14/2023 01:37:11,1812
62,273391,10-02-2023 07:35,2569
62,351000,03/23/2023 00:26:19,2605
64,683718,05/22/2023 22:30:42,2261
64,806294,05/31/2023 02:01:26,3568
64,173839,04-01-2023 16:21,2754
64,638339,05-06-2023 21:20,838
65,495610,10/30/2023 18:59:55,2101
66,835451,02-10-2023 10:53,1907
66,788189,07/29/2023 19:49:05,2929
66,53741,07-05-2023 23:29,1826
67,21079,03-05-2023 08:39,1522
67,351613,01/19/2023 15:04:40,2058
68,247687,04/25/2023 15:18:52,2671
68,125142,07/30/2023 04:45:22,1184
69,667951,02-04-2023 07:17,1668
69,842114,05-11-2023 02:07,2277
69,520402,05-08-2023 01:10,151
69,369598,03-11-2023 19:50,1719
69,205863,06/22/2023 20:43:16,1315
69,392376,07/28/2023 06:20:35,2587
71,157667,07/21/2023 20:33:17,1611
71,242154,11/27/2023 02:36:15,1379
71,337413,03-12-2023 14:44,193
72,264734,04/26/2023 17:42:30,3393
72,826705,08-10-2023 14:28,799
72,600309,10/27/2023 20:53:10,292
72,27883,10/21/2023 12:55:25,3006
72,380944,05-03-2023 03:01,3483
72,198918,02/27/2023 03:15:42,2081
72,75182,12/16/2023 08:39:54,2956
72,833827,01-12-2023 11:46,1252
74,269667,08-03-2023 17:37,3174
74,793633,04-10-2023 12:54,3390
74,394905,03/24/2023 10:55:57,1865
74,34363,08/16/2023 14:35:54,1022
74,573676,06/26/2023 16:52:47,1518
75,488482,11-01-2023 20:09,2157
75,579692,05-02-2023 22:05,27
75,383924,06/29/2023 14:10:06,1905
76,852446,06-02-2023 02:28,1587
76,836197,03-03-2023 22:53,1560
76,522387,12/18/2023 06:01:53,370
77,402114,12/14/2023 23:57:31,1778
77,253064,12-05-2023 22:25,1477
77,120975,09/23/2023 22:23:26,29
77,67099,09-07-2023 12:19,610
78,12400,02/22/2023 01:00:41,1449
78,988487,07-11-2023 17:44,395
78,324480,08/17/2023 06:04:05,1087
78,216796,03-09-2023 16:18,255
78,345659,05-05-2023 14:12,1303
78,653783,06-07-2023 22:49,1958
78,528317,09/15/2023 07:21:40,3451
79,731197,04-04-2023 02:55,3109
79,138879,05/29/2023 08:47:06,2625
79,899014,02-11-2023 11:13,3029
80,715203,09/26/2023 05:43:05,617
80,149414,07/22/2023 15:22:00,1846
80,208237,04-03-2023 04:49,145
81,879651,01-09-2023 15:20,2420
81,464393,12/14/2023 22:25:14,61
81,276471,10-11-2023 14:49,3022
81,550154,08-11-2023 00:30,3556
81,799378,05-02-2023 07:01,1734
81,135764,06/18/2023 13:43:47,2306
82,827682,06/15/2023 11:38:11,2599
82,63088,08/23/2023 07:36:42,1266
82,640568,12-03-2023 11:28,2156
82,304363,08/24/2023 06:20:09,2936
83,226473,12-06-2023 05:08,1246
83,421970,03/13/2023 03:36:34,2271
83,48106,06/22/2023 02:28:45,3445
83,681022,09/30/2023 21:56:56,3191
84,508484,09-03-2023 23:16,3563
84,961014,09-10-2023 02:02,1201
84,35052,12/30/2023 06:52:38,3109
85,283565,01-06-2023 01:04,1279
85,606093,06/17/2023 22:18:58,1946
85,42846,05-08-2023 07:20,2415
85,321625,06/24/2023 08:52:43,2484
85,184408,12-02-2023 05:32,424
86,254686,06/22/2023 22:31:34,1362
87,394694,04/27/2023 03:22:22,1262
87,301888,05/24/2023 08:43:19,215
87,545520,11/21/2023 21:15:49,3084
87,869161,03-06-2023 03:13,1639
87,965024,07-02-2023 15:45,1532
87,257414,03/31/2023 04:13:05,2204
88,392725,03-01-2023 18:41,251
88,194904,12/19/2023 03:32:47,2968
88,666776,07/18/2023 16:10:22,1736
88,299287,02/17/2023 19:07:38,1336
88,106260,07/22/2023 11:31:41,743
90,917376,07-02-2023 14:42,1054
90,788363,12/19/2023 14:17:06,674
90,165468,07/17/2023 18:57:40,737
90,913686,01/21/2023 18:32:08,2521
90,116450,06/29/2023 09:51:14,1473
90,920970,04/19/2023 04:29:59,852
91,375504,11/22/2023 04:18:43,496
91,925816,02/23/2023 22:37:23,309
91,279578,10-04-2023 06:43,1174
91,654469,08/23/2023 03:12:59,1897
91,959874,11/28/2023 23:34:52,456
92,563679,09-12-2023 23:11,156
92,918629,10-10-2023 01:51,3188
92,105730,01-09-2023 10:54,2063
92,320784,07/29/2023 09:06:28,3575
93,303564,12-03-2023 15:53,1737
93,427609,01-01-2023 18:12,380
93,186819,04-05-2023 06:51,2069
93,811653,07/26/2023 07:53:30,2528
94,243572,10/18/2023 00:05:05,3181
94,451920,10/31/2023 09:02:29,2559
94,729784,04-07-2023 04:57,2915
94,992134,08/14/2023 04:21:36,234
94,552442,08-06-2023 22:18,490
95,625338,10-03-2023 21:38,1850
96,161794,12-12-2023 02:44,89
96,614803,03-12-2023 10:40,2007
96,379509,09-12-2023 13:52,562
96,921416,10/17/2023 23:33:47,1773
97,768491,11/16/2023 14:28:06,1087
97,293812,02-06-2023 23:51,889
97,195476,06-05-2023 12:27,540
98,562215,06/25/2023 16:53:19,2651
98,694797,08/30/2023 05:48:48,2058
98,152019,01/16/2023 08:14:15,49
98,452817,11-03-2023 09:37,3339
98,144973,05/23/2023 12:16:43,836
100,945285,06-05-2023 08:39,3009
100,401515,07/26/2023 23:02:36,558
102,95395,04-03-2023 22:22,3140
102,172801,08-09-2023 08:59,981
102,96767,03/23/2023 16:55:32,2139
103,732379,11/19/2023 02:29:41,1910
103,352540,08/28/2023 15:29:48,1990
103,341443,08-01-2023 03:44,2146
103,876395,06/29/2023 22:14:36,1709
103,384431,11-09-2023 19:32,1064
103,112021,01/19/2023 14:38:18,1039
103,545106,07/28/2023 00:58:12,377
103,45185,07/19/2023 21:45:16,1627
104,33979,10-01-2023 10:51,355
104,436350,09-06-2023 03:45,1200
104,45504,05/18/2023 16:14:04,2099
104,174944,08/27/2023 11:10:12,982
105,124349,09/13/2023 23:52:16,2744
106,610440,04-06-2023 21:43,2092
106,616534,05/21/2023 07:56:01,1674
106,735652,01/31/2023 06:02:27,2581
106,974422,04/13/2023 15:48:14,2483
106,804752,06/30/2023 13:36:50,2800
107,706579,09/29/2023 01:48:26,2594
107,994032,08/31/2023 21:15:53,3439
107,411265,09-11-2023 22:46,2325
108,893806,04/13/2023 18:53:06,3226
108,425702,01/21/2023 08:23:04,3067
108,907932,10/25/2023 15:37:06,1071
108,688033,04/14/2023 20:31:58,3411
109,250037,08-05-2023 15:29,2602
109,48744,01-04-2023 14:18,3583
109,975265,07-08-2023 15:14,1614
109,417892,08/25/2023 21:52:16,452
110,456803,08/24/2023 14:12:59,1488
110,101186,03/28/2023 05:56:17,3325
110,438189,03/25/2023 20:45:54,3152
110,413477,07-02-2023 10:55,470
110,491640,09/29/2023 02:20:11,2821
110,924395,10-06-2023 03:27,2192
112,695130,01-09-2023 21:34,3304
112,742978,03-09-2023 03:32,665
112,368060,10/22/2023 04:58:12,829
112,857569,04/15/2023 15:00:34,564
112,727296,07-02-2023 20:21,776
112,201401,09-01-2023 19:27,1382
112,145377,01/13/2023 03:58:56,1361
112,316539,10/14/2023 13:14:06,1995
112,468728,09-10-2023 01:47,812
112,999283,08/28/2023 08:45:45,1663
112,191479,05/25/2023 02:01:53,3121
113,652994,06-02-2023 21:53,479
113,830379,04/17/2023 02:58:09,1193
113,715215,06/14/2023 18:15:33,362
113,559688,09-07-2023 13:02,2254
113,101807,04/29/2023 11:15:21,536
113,251224,06/14/2023 19:49:48,3329
114,721813,11-09-2023 21:35,1427
114,22986,02/27/2023 07:29:29,2693
114,42657,08-08-2023 03:02,3373
114,311667,04-02-2023 06:50,557
114,730355,03/31/2023 20:37:15,230
114,613516,09-05-2023 03:17,226
115,259886,07/22/2023 21:05:50,3130
115,687818,05/22/2023 00:59:31,2707
115,518516,09/17/2023 22:53:32,50
115,589382,09/24/2023 08:09:37,3164
115,412041,11/24/2023 00:45:28,3127
115,872841,10/22/2023 10:36:38,1671
115,807046,04/17/2023 20:34:25,1992
116,760206,09/18/2023 15:30:21,2869
116,484133,11-08-2023 09:18,2435
116,923972,02/16/2023 01:53:42,3316
117,697642,02/14/2023 11:32:09,3324
117,357439,08/14/2023 12:44:00,1723
117,295763,12/29/2023 23:23:28,593
117,652725,06-01-2023 19:38,1875
118,973658,10-02-2023 00:05,1716
118,189112,01/26/2023 15:34:20,2494
118,622108,11-05-2023 10:32,2765
118,416255,01/30/2023 16:02:05,2050
119,107135,03-06-2023 09:56,2137
119,434732,04/30/2023 18:23:00,691
119,793708,08-04-2023 05:21,3436
120,653585,10-07-2023 16:00,366
120,653221,08/19/2023 14:45:49,535
120,755862,04/23/2023 02:28:52,2218
121,473312,09/13/2023 18:40:30,2706
121,208877,02/20/2023 11:29:36,2835
121,701702,05/13/2023 06:25:20,2774
121,921944,01/22/2023 13:52:13,3118
121,700880,04/25/2023 10:28:51,1307
121,615782,10/30/2023 01:31:05,1729
123,77236,05/30/2023 23:14:23,252
123,858974,01/28/2023 12:23:03,3078
123,758658,12-04-2023 05:44,1558
123,739977,08/22/2023 18:18:56,2404
124,479714,11/20/2023 21:55:44,2482
124,980020,03-05-2023 22:45,2146
124,936067,01-10-2023 02:30,1009
125,183924,05-12-2023 21:16,2985
125,67658,02/26/2023 13:13:00,3045
126,428119,01/21/2023 10:51:39,2670
126,702802,06/29/2023 19:40:11,3390
126,830151,02/14/2023 02:13:53,431
127,918432,01-07-2023 22:22,98
127,489204,04/14/2023 10:59:54,1135
127,13490,03-02-2023 14:25,1860
127,318807,06/18/2023 16:03:51,870
128,343444,07-06-2023 02:04,2625
128,35248,04/29/2023 08:30:46,1737
128,528649,03/16/2023 21:01:39,1041
128,399757,07/19/2023 21:42:28,936
128,566767,04-03-2023 08:48,1943
128,729287,01-03-2023 02:42,902
128,931346,05/23/2023 23:08:57,2563
128,205155,08/21/2023 04:51:39,3389
128,728838,05/19/2023 09:21:12,1955
129,522949,02-01-2023 12:15,931
129,371497,02-09-2023 23:00,260
130,161081,12/28/2023 18:59:55,2673
130,918776,07/13/2023 02:37:01,2581
130,555901,01-06-2023 09:59,1193
130,608158,08/19/2023 23:35:42,443
131,907625,05-08-2023 22:23,3525
131,964956,09/30/2023 03:11:52,2401
131,134505,01-07-2023 00:13,2172
131,407092,05-04-2023 10:18,636
131,471918,11/26/2023 20:38:57,2882
132,21535,09-01-2023 15:12,3024
132,383457,01/16/2023 22:33:01,2744
132,286115,07-01-2023 03:25,2705
133,367985,08/15/2023 08:26:02,3583
133,139382,11/26/2023 11:21:36,3406
133,900145,12/14/2023 18:42:42,1955
134,708930,11/22/2023 00:25:45,1827
134,895455,07/13/2023 05:59:02,470
134,248657,09/24/2023 15:17:04,1760
135,488531,10-02-2023 04:00,3284
135,673771,10/14/2023 06:30:20,2265
136,936371,12-10-2023 11:07,2506
136,937574,07-07-2023 15:49,149
137,732326,12/21/2023 10:10:09,1306
137,711090,08/26/2023 04:34:27,2901
138,368249,12/30/2023 02:10:33,2916
138,486765,05-12-2023 13:31,3022
138,851463,09-03-2023 01:21,3555
139,934336,06/30/2023 15:21:47,900
139,123262,01-08-2023 21:52,11
139,901912,06-03-2023 09:08,3465
139,168471,08-03-2023 10:59,1258
140,640724,04-03-2023 04:42,1766
140,221658,09/29/2023 04:11:19,3318
140,485740,04/29/2023 16:28:55,306
140,1535,05/24/2023 23:20:17,1098
140,474,05/26/2023 17:06:41,2977
141,998625,10/28/2023 07:05:50,3115
141,12358,12/25/2023 18:29:14,3042
141,658250,08/23/2023 19:53:29,2858
142,237689,06/13/2023 02:58:53,2152
142,399158,12-09-2023 01:46,1460
143,104847,09-09-2023 19:20,599
144,391305,04/28/2023 10:10:11,141
144,267655,04/28/2023 08:03:02,1823
144,874341,04/27/2023 19:37:08,2608
144,512779,09/17/2023 12:01:39,3565
144,633136,05/30/2023 20:52:36,2404
144,307902,10/13/2023 22:36:19,57
144,367918,09/24/2023 05:02:33,760
144,462689,09/29/2023 02:22:25,1765
146,857863,03-09-2023 20:08,3133
146,281209,11/18/2023 17:59:24,240
146,474799,04-12-2023 02:14,1355
146,320091,01-02-2023 07:14,3513
147,674419,12/23/2023 07:31:02,1230
147,630842,01-10-2023 15:53,1368
147,717562,09/19/2023 07:16:10,1503
148,797029,04/28/2023 22:07:41,241
148,125707,02/22/2023 06:37:13,2179
148,6271,10-11-2023 09:36,2403
148,608433,04/14/2023 03:38:00,48
148,425183,05-03-2023 08:29,2321
148,234984,05-10-2023 16:18,3294
149,596182,07-10-2023 07:14,1668
149,860823,01/25/2023 22:27:11,356
149,944475,01/28/2023 06:31:41,280
149,111536,03/27/2023 17:18:16,3331
149,32360,06-09-2023 22:54,2492
150,942089,08-06-2023 19:32,3485
150,373535,05-07-2023 04:28,3422
150,808044,10/15/2023 20:53:37,1631
150,921976,07/31/2023 06:42:27,2530
150,330573,08-01-2023 03:39,2269
150,465010,02-02-2023 11:19,514
150,621509,02-06-2023 17:02,3542
150,39964,02-07-2023 21:18,1922
150,989320,10/19/2023 15:54:08,72
152,722070,04/29/2023 22:05:27,2185
152,758047,01-03-2023 00:14,2066
152,906927,09/20/2023 11:15:32,3395
152,875794,03-01-2023 04:56,576
152,659681,03-12-2023 06:02,1897
152,533803,02-07-2023 05:41,2423
152,117345,09-11-2023 00:17,1612
153,453936,05/18/2023 20:00:54,1795
153,961818,10-10-2023 01:35,2661
153,470275,06-03-2023 03:54,3437
153,750036,09-01-2023 14:52,637
154,94660,05-06-2023 17:27,1974
154,97626,10/16/2023 06:51:41,1673
155,421372,10/26/2023 15:49:33,162
155,305472,10/19/2023 21:29:39,1330
155,394565,08/24/2023 02:32:30,3003
155,155352,05/30/2023 01:31:44,1871
155,156202,05/20/2023 13:10:41,854
156,939341,06/26/2023 02:16:32,85
156,212860,12/27/2023 12:54:13,658
156,898050,11-10-2023 09:18,498
156,55437,12-03-2023 16:36,1830
157,513857,07-07-2023 05:06,746
157,9762,02/28/2023 07:26:56,2690
157,497367,06-10-2023 16:33,1879
157,793788,05/15/2023 17:45:28,1008
158,494247,11-10-2023 00:28,1517
158,12654,08/26/2023 15:28:03,987
158,235398,03-12-2023 20:52,1179
159,183411,01/29/2023 13:29:56,3232
159,384993,05/27/2023 00:57:55,2024
159,600257,02/23/2023 05:59:12,1167
159,11283,04-12-2023 09:13,809
160,91562,01/26/2023 03:44:01,275
160,790675,09/29/2023 06:39:54,2622
160,96985,09/17/2023 13:32:33,1226
160,74044,03/14/2023 21:07:43,1352
160,448272,07-10-2023 06:43,968
160,643658,01-10-2023 14:09,505
161,205991,08/23/2023 15:19:07,2590
162,263278,07-10-2023 00:08,125
162,907761,10/13/2023 18:50:34,78
162,368471,12-03-2023 23:42,331
163,546321,11/30/2023 21:56:47,2768
163,253726,05/19/2023 23:48:50,3368
163,271818,05-03-2023 23:11,2810
163,706993,11-07-2023 20:46,212
163,80563,08/18/2023 17:05:29,3191
163,228384,09-05-2023 17:17,2835
164,425392,10-12-2023 01:43,986
164,76440,08/22/2023 07:58:52,2082
164,791779,02-01-2023 03:44,2571
164,23331,08/23/2023 00:33:09,963
165,259648,09/26/2023 20:09:39,710
165,417110,10/25/2023 14:09:26,2490
165,977187,09-02-2023 09:45,368
166,950338,08/14/2023 09:28:47,2447
166,402999,11-05-2023 14:28,2296
166,321373,06/18/2023 23:37:51,1570
166,594326,12/16/2023 06:24:04,2391
166,730550,01-11-2023 19:48,1724
167,204011,05/13/2023 03:04:50,1431
167,406868,05-04-2023 12:14,129
168,858470,08-04-2023 04:51,1425
168,469961,08-06-2023 22:08,1054
168,377859,08/24/2023 15:08:49,182
168,885205,12/30/2023 13:07:37,2670
169,567386,03/18/2023 14:38:47,2782
169,567267,07/13/2023 14:50:26,3290
169,475569,03/13/2023 08:23:01,2844
169,137704,07/13/2023 08:35:21,929
170,257087,01-01-2023 10:16,2653
170,850515,08-03-2023 12:00,485
171,257664,09-02-2023 05:53,3206
171,806852,03/29/2023 16:07:55,1256
172,980030,06-06-2023 16:26,2375
172,567810,05/31/2023 06:25:26,326
172,573000,12-02-2023 00:07,130
172,604129,08-08-2023 06:58,409
172,665661,10/15/2023 14:10:25,326
172,717650,10/29/2023 15:11:22,320
172,48649,07/27/2023 10:30:33,299
173,766776,06-02-2023 11:46,2305
173,256657,11-04-2023 04:01,95
173,337547,10/20/2023 03:13:54,2408
174,828950,07/26/2023 03:31:38,1050
174,431986,12/16/2023 00:20:31,398
174,101246,01/30/2023 00:33:00,3355
175,875820,04/17/2023 11:30:16,1702
175,670684,06/18/2023 11:15:45,2335
175,276356,06/26/2023 21:08:08,2019
175,983354,12-10-2023 13:37,3361
176,344282,10/27/2023 05:13:35,1299
176,336130,06/18/2023 08:37:23,1943
177,336880,01-10-2023 07:25,1314
177,214359,01/15/2023 21:32:54,1255
177,336534,01-05-2023 00:04,3272
177,219300,07/24/2023 03:20:16,1857
178,78754,10-10-2023 04:11,156
178,728175,03-11-2023 15:14,3229
178,292289,05/23/2023 05:23:22,345
180,556116,09-02-2023 23:03,2333
180,892421,08-05-2023 22:00,786
180,674015,09-01-2023 01:23,1711
180,786773,01-01-2023 10:45,3383
181,685621,12-07-2023 19:23,1757
181,395063,04/23/2023 03:37:30,3138
181,409173,05-08-2023 22:40,3479
181,323353,03/27/2023 15:16:58,3444
181,756678,05/18/2023 05:32:53,799
182,328673,02/23/2023 15:58:37,3053
182,843123,05-03-2023 02:14,2033
182,961053,08-10-2023 11:59,902
183,169911,03/21/2023 21:29:47,545
183,882013,02-01-2023 16:49,532
183,377658,01-09-2023 04:45,1296
184,648495,03-02-2023 08:09,2405
184,947215,08/26/2023 14:31:31,1468
184,542029,06-05-2023 19:26,618
184,569621,05/14/2023 20:53:30,502
184,43613,11/17/2023 03:36:44,2633
184,731433,05/28/2023 23:11:28,2794
186,804647,08-05-2023 06:43,1362
186,10812,02/24/2023 07:35:38,2151
186,590747,09/20/2023 11:22:04,2730
186,56219,08/21/2023 08:53:37,1728
186,55669,07/19/2023 13:00:31,1089
187,473542,06/25/2023 02:10:21,2714
187,651961,09-01-2023 02:08,2831
188,698944,05/28/2023 16:15:54,1529
188,376449,05-01-2023 20:40,3323
188,345992,04-04-2023 19:53,849
188,910626,06/29/2023 20:48:33,1469
188,351605,12/18/2023 14:43:21,3069
189,816065,08/28/2023 19:37:29,51
189,596238,12-09-2023 08:51,2732
189,701846,03/19/2023 16:33:10,2567
189,469445,11/18/2023 00:36:08,2067
189,680055,12-05-2023 01:20,1949
189,95979,01-06-2023 06:12,3504
189,807836,03-01-2023 10:40,1820
190,744373,01/18/2023 12:16:56,2183
190,61850,10/14/2023 05:58:07,3359
190,82694,11/13/2023 15:55:29,2523
190,562936,11/22/2023 08:01:29,1552
190,342757,09/28/2023 04:21:24,2515
190,361231,10-03-2023 01:15,2133
191,848564,07-08-2023 15:56,1954
191,94218,04/21/2023 02:40:38,649
191,860067,03-04-2023 02:04,553
191,569605,06/14/2023 10:05:27,1796
191,291114,02/25/2023 13:51:57,2432
191,191986,09/20/2023 16:30:41,3074
192,978378,05-04-2023 14:21,3495
192,187261,08/31/2023 12:45:37,893
192,458783,01/30/2023 06:31:45,3231
192,12923,03/15/2023 01:01:40,1
192,607799,08-04-2023 13:08,3246
192,803428,04/23/2023 07:15:54,878
193,314009,03/21/2023 15:37:55,832
193,242294,09/16/2023 07:06:28,3501
193,702157,10/25/2023 19:28:53,3358
194,366644,08/27/2023 20:18:43,731
194,257456,05-08-2023 09:00,1708
194,273661,08-02-2023 18:58,1738
194,367482,09-04-2023 07:19,2307
194,871490,11/21/2023 05:21:35,3013
194,146369,01/26/2023 14:10:56,496
195,293247,12-12-2023 12:18,20
195,699001,03/21/2023 20:02:01,682
195,117084,04/13/2023 09:18:13,1017
195,754042,04/19/2023 14:37:53,2882
195,303618,01/19/2023 00:38:07,3137
196,501673,03-11-2023 05:25,1882
196,69366,02/27/2023 06:35:23,3015
196,857622,10-04-2023 22:30,413
196,907947,03-10-2023 06:15,506
197,83503,12-07-2023 15:27,1497
197,315519,06/13/2023 12:39:03,3416
197,199482,06/26/2023 01:29:26,1120
198,751283,06/21/2023 20:46:26,2512
198,939064,02-07-2023 16:55,693
198,488316,12/14/2023 09:24:09,2133
198,918060,11-12-2023 23:59,78
198,175823,12-06-2023 03:53,634
198,716325,11/21/2023 15:38:58,1990
198,366841,04/14/2023 02:57:44,1715
199,431968,09/19/2023 01:12:27,1497
199,210533,05/18/2023 20:39:18,1277
199,410976,10/13/2023 04:35:07,1915
199,397640,05-03-2023 00:21,1268
199,668137,04/29/2023 08:38:55,1388
199,476299,05-08-2023 23:33,3153
199,399175,04-12-2023 14:22,2244
199,100692,03/14/2023 12:26:34,1136
201,168410,03-11-2023 07:49,1861
201,419824,03/25/2023 18:50:58,2359
201,140633,06-03-2023 05:49,2794
201,435964,08-09-2023 01:03,927
201,874567,08/27/2023 01:43:08,2551
201,408362,11/15/2023 14:42:45,3427
201,91915,06-05-2023 15:21,747
202,840264,08-04-2023 09:37,2599
202,761566,06/24/2023 14:12:04,295
202,856767,05-11-2023 02:14,864
203,726915,11/23/2023 06:37:30,2413
203,178533,07-03-2023 09:38,434
203,766607,12-03-2023 04:34,2506
203,177256,06/27/2023 17:52:17,1693
203,883831,04/27/2023 19:12:34,358
204,308254,11/13/2023 22:26:06,1820
204,610411,05-08-2023 18:32,2757
205,381490,12-08-2023 17:33,2469
205,800351,06-03-2023 07:35,2133
205,665931,12-09-2023 11:56,787
205,998712,09-05-2023 23:19,1343
206,466217,05/20/2023 11:11:12,2932
206,492516,12/15/2023 19:01:43,1834
206,550721,04-11-2023 03:26,766
206,648721,10-05-2023 21:27,2509
206,322502,12-12-2023 22:04,1304
207,537990,11/30/2023 10:20:49,1481
207,401683,12/23/2023 14:57:48,2282
207,249819,06/30/2023 14:52:33,101
208,66237,11/27/2023 12:59:17,1533
208,599549,05-07-2023 10:09,2242
209,741892,08-10-2023 20:39,1983
209,947568,08/25/2023 06:06:37,3403
209,143161,01-09-2023 20:57,2465
210,388586,04/22/2023 01:54:53,442
210,11836,09/18/2023 11:05:27,1167
210,373740,03/24/2023 16:20:01,157
211,862767,01/19/2023 06:03:40,3269
211,476758,05-11-2023 10:38,597
211,776354,02/15/2023 05:02:52,2876
211,209248,11-07-2023 12:56,852
211,406555,05/23/2023 15:38:56,3299
211,584157,05/16/2023 06:45:54,2887
211,902327,04-06-2023 16:10,2869
211,15087,10-08-2023 04:40,2585
211,879846,09/15/2023 06:51:34,710
211,547536,03-08-2023 20:04,2471
212,366867,04-06-2023 20:43,2886
212,730959,01/15/2023 22:47:36,810
212,801067,09/28/2023 04:38:35,3213
212,177662,05/16/2023 12:45:15,281
212,788743,02-12-2023 09:42,1028
212,405148,12/19/2023 08:04:11,3076
212,553127,11/22/2023 21:23:54,798
213,132097,05/19/2023 22:55:22,1332
213,254437,05-03-2023 20:11,443
213,128243,06/23/2023 05:00:12,520
213,88532,01/18/2023 22:23:23,2398
213,507983,01/24/2023 00:44:40,1838
213,247257,05-07-2023 02:46,2063
214,993965,10/25/2023 18:56:15,2654
214,312527,01/30/2023 12:40:25,1015
214,81226,12/29/2023 09:31:31,228
214,99194,09/16/2023 03:01:04,1342
215,945219,10/16/2023 23:52:06,1121
215,94622,06/19/2023 13:50:21,1452
215,410776,03-06-2023 12:07,2143
215,151377,12-12-2023 03:03,1282
215,163290,11/26/2023 08:21:05,1050
215,370711,10/25/2023 14:59:46,1972
216,431351,10/24/2023 20:32:30,3240
216,682478,07/29/2023 17:46:17,3394
217,537151,04/30/2023 12:46:51,2582
218,46892,08-05-2023 12:09,895
218,910534,02-09-2023 09:30,1952
218,858662,04/15/2023 00:22:39,983
218,34873,10/16/2023 14:44:31,326
218,300004,06/23/2023 10:34:36,2395
218,415433,05-05-2023 14:52,2256
218,378880,09-03-2023 00:02,1881
220,470832,04/17/2023 05:47:28,2813
220,599784,01-02-2023 09:15,3274
220,978363,04/21/2023 16:55:36,1816
220,979979,06-05-2023 01:47,1342
221,79096,06-07-2023 00:49,2529
221,650515,02-10-2023 03:50,3514
221,33683,07-01-2023 04:34,91
221,304919,07/27/2023 13:45:37,687
221,32994,05/30/2023 10:34:44,192
221,364198,11/26/2023 14:37:26,1949
221,531670,07/24/2023 07:44:45,1746
221,9015,04-11-2023 12:22,17
221,554307,06/28/2023 00:30:16,378
222,196088,06/30/2023 06:54:00,940
223,651691,10/31/2023 10:15:41,2700
223,412889,05-08-2023 16:55,3265
224,856086,04/30/2023 04:12:30,2942
224,39395,09-02-2023 01:17,2665
224,730822,02/24/2023 01:48:47,2915
224,540680,07/30/2023 02:34:55,3005
225,753791,02/13/2023 07:43:42,2294
225,51954,04/26/2023 11:16:37,2017
225,311695,11/13/2023 09:38:35,2130
225,266129,04/23/2023 13:30:14,13
225,728697,04/26/2023 22:55:02,3113
226,976902,06/19/2023 01:33:04,2715
226,778748,04-06-2023 12:12,2495
226,908127,12/24/2023 12:49:35,1789
226,573462,07/30/2023 11:02:36,1628
226,856987,07-01-2023 01:04,2698
227,830841,10/26/2023 10:06:04,1244
227,67295,08/30/2023 16:19:44,3240
227,517504,09/23/2023 20:28:42,2873
227,447421,09-06-2023 12:56,1722
227,575647,11/26/2023 22:08:22,3420
228,663776,03/25/2023 16:01:44,3223
228,498063,10-06-2023 04:18,3158
228,80026,01/17/2023 15:48:19,1335
228,737982,04-02-2023 13:11,1973
229,581476,06-02-2023 00:25,888
229,206785,11/28/2023 08:49:10,648
229,456435,07/29/2023 01:54:58,557
229,319646,10-09-2023 17:54,1187
230,958664,04/17/2023 04:02:22,1643
230,790159,02/24/2023 14:49:19,1884
230,156555,02-03-2023 04:30,3273
230,509202,02-06-2023 12:50,3518
230,835774,06-02-2023 17:03,1854
230,439307,08/25/2023 21:35:40,3552
230,461854,01/29/2023 18:32:19,2693
230,482261,12/24/2023 10:33:50,1586
232,590434,06/24/2023 21:53:46,1057
232,257478,01/23/2023 12:42:01,2734
232,243031,01/18/2023 14:52:14,2394
232,908502,10-02-2023 11:11,1946
232,200687,10/21/2023 10:19:43,2847
232,562922,07/28/2023 05:40:20,765
232,500084,01/24/2023 02:06:40,2861
233,400429,02-08-2023 18:31,497
233,36707,01/13/2023 08:21:24,1317
233,978506,09-06-2023 00:07,736
233,255243,08-08-2023 17:01,1849
233,510230,09-02-2023 17:02,2895
233,512094,01/19/2023 04:55:15,1140
234,535732,03/14/2023 04:27:41,2205
234,235156,10/24/2023 04:51:36,556
234,445565,10/31/2023 14:25:18,1899
234,205475,11/18/2023 15:28:52,993
234,495416,08/20/2023 21:54:51,251
235,148772,02/26/2023 06:29:46,834
235,807741,11/26/2023 21:37:52,148
235,114537,07-11-2023 00:40,3389
235,296416,11-04-2023 17:56,3154
235,337091,02/26/2023 19:58:23,628
236,366253,07/22/2023 02:09:39,2482
236,802718,04/21/2023 01:08:17,474
236,24022,02/22/2023 05:31:01,3434
236,255435,12-12-2023 06:01,2946
236,772961,08/25/2023 18:14:46,1858
236,735063,05/16/2023 12:57:38,1592
236,805492,08/13/2023 07:48:33,3379
236,498631,04/26/2023 13:48:11,582
237,286079,03-04-2023 13:28,2356
237,872100,09-11-2023 02:33,446
237,135747,01/16/2023 23:02:29,742
237,932336,06/22/2023 10:59:26,1305
239,924978,09/26/2023 10:49:14,3132
239,338451,10/20/2023 09:49:35,3467
239,552131,09-07-2023 14:17,1276
239,907667,08/31/2023 03:59:49,362
239,482937,01/30/2023 13:59:32,1352
240,822949,06/28/2023 15:28:05,2933
240,433180,05/19/2023 01:19:18,2390
240,290673,12/29/2023 06:23:18,689
240,915559,11/21/2023 05:48:18,3199
240,17745,07-01-2023 14:33,2093
240,846871,01/14/2023 22:52:05,3088
241,385748,09/29/2023 09:40:57,1619
241,391187,12-11-2023 01:08,2715
241,616290,07/14/2023 02:40:05,2374
242,734638,03-01-2023 02:46,1157
242,809535,05-10-2023 16:24,1801
242,466546,11/20/2023 11:33:56,835
242,311365,03/26/2023 07:38:15,3039
242,579373,07/14/2023 15:12:27,2173
242,586102,02/15/2023 18:15:07,17
242,116870,01-03-2023 15:07,1015
242,547895,07-11-2023 00:15,289
244,196936,08-01-2023 15:40,196
244,997696,09/19/2023 23:24:44,2184
244,552650,06/26/2023 11:58:31,2415
245,36868,10-04-2023 19:22,3065
245,895609,09/17/2023 20:26:01,1369
245,986174,10/26/2023 06:57:12,2994
246,960588,06/13/2023 15:56:53,284
246,728939,02/18/2023 05:17:28,2083
246,331017,02/24/2023 20:42:43,3547
246,41435,07/26/2023 08:59:24,1555
246,207081,07/21/2023 18:10:06,2642
246,454235,10/28/2023 17:42:21,1558
246,455844,04/16/2023 10:48:53,125
247,832687,02/21/2023 13:03:06,2766
247,838220,12-08-2023 05:20,2124
247,354251,09-06-2023 07:32,620
247,399421,07/16/2023 06:07:02,3226
247,988265,08/18/2023 23:13:16,2280
248,181400,05/14/2023 13:30:56,2538
248,41063,04-07-2023 03:18,1046
248,820890,12-05-2023 10:33,2707
248,748807,05/16/2023 00:11:47,235
249,373500,06-12-2023 05:14,2190
249,167875,03/16/2023 08:52:41,548
249,632539,12-06-2023 18:51,1387
249,605952,05/18/2023 09:27:55,335
250,971581,11-10-2023 06:32,2354
250,743269,09/21/2023 16:06:16,2020
250,117,01/18/2023 09:44:17,1969
